Kriteria,Tipe,A+,A-
Harga (USD/mo),cost,0.0,0.0784013409177551
RAM (GB),benefit,0.0761850777792893,0.0023807836806027
Storage (GB),benefit,0.0469310656122849,0.0005866383201535
Slot Pemain,benefit,0.0422915778476634,0.0005286447230957
Uptime (%),benefit,0.0299511035319839,0.0233641971746649
vCPU,benefit,0.0462222729462807,0.005777784118285
